idP,idC
6997,2
6998,5
6999,3
7002,1
7006,2
7008,5
7013,4
7014,4
7020,1
7023,2
7026,1
7029,1
7032,3
7035,4
7036,5
7038,5
7039,3
7042,5
7044,1
7046,1
7048,1
7055,5
7056,2
7057,2
7058,2
7062,1
7063,4
7066,1
7067,1
7070,2
7075,5
7081,5
7083,2
7090,1
7091,3
7098,1
7099,1
7100,1
7101,5
7102,1
7104,1
7105,1
7106,1
7107,1
7108,3
7111,1
7112,1
7115,3
7116,1
7119,5
7121,2
7123,2
7124,5
7132,1
7136,1
7145,1
7149,2
7151,5
7155,3
7158,1
7160,1
7164,2
7165,5
7169,5
7176,3
7179,2
7192,1
7194,1
7200,1
7202,2
7203,5
7205,2
7207,2
7211,3
7213,2
7215,5
7218,1
7219,5
7221,3
7222,2
7223,1
7224,1
7227,2
7228,1
7229,2
7233,5
7234,5
7235,2
7240,1
7242,5
7245,1
7246,2
7247,3
7249,3
7250,5
7252,1
7254,2
7260,1
7261,2
7265,5
7266,5
7268,3
7273,3
7280,1
7282,3
7286,1
7287,5
7288,5
7290,2
7291,1
7300,2
7304,5
7306,1
7315,5
7318,5
7319,1
7323,1
7326,3
7327,1
7328,1
7332,5
7334,1
7340,2
7343,1
7344,1
7346,1
7351,3
7352,5
7353,2
7354,1
7355,3
7356,1
7357,1
7359,2
7360,1
7362,2
7363,1
7365,2
7368,3
7369,1
7372,1
7375,1
7379,5
7380,5
7382,5
7387,1
7389,1
7390,1
7391,5
7394,1
7396,1
7397,4
7399,1
7405,5
7407,1
7411,3
7412,1
7418,5
7421,2
7422,1
7423,5
7424,1
7428,1
7429,3
7430,5
7441,1
7442,1
7443,5
7447,3
7448,5
7450,2
7452,1
7455,1
7456,2
7460,5
7463,2
7464,1
7467,2
7470,5
7475,3
7481,5
7482,5
7489,5
7494,1
7501,5
7505,2
7507,1
7509,1
7510,5
7513,1
7518,3
7519,5
7521,5
7523,5
7529,5
7531,5
7537,3
7538,5
7539,1
7541,5
7544,1
7547,1
7552,1
7554,1
7560,1
7564,1
7570,5
7573,3
7576,1
7579,3
7581,1
7582,5
7588,2
7590,3
7592,1
7593,1
7596,1
7597,1
7598,2
7600,1
7601,5
7603,5
7606,5
7608,5
7610,5
7611,5
7613,3
7614,1
7615,1
7616,5
7617,3
7631,1
7632,3
7638,2
7641,1
7643,5
7645,1
7650,5
7652,5
7655,1
7657,1
7658,1
7662,5
7663,1
7664,1
7667,3
7668,3
7669,5
7673,3
7674,2
7682,3
7685,5
7687,3
7689,5
7695,1
7698,1
7700,5
7701,5
7707,1
7708,2
7713,5
7714,2
7715,5
7718,2
7724,1
7725,1
7728,3
7729,2
7730,1
7733,1
7734,1
7736,2
7739,2
7740,5
7741,5
7742,1
7743,1
7744,5
7747,1
7750,1
7753,2
7754,3
7755,1
7756,1
7759,5
7760,1
7772,1
7773,4
7774,1
7775,3
7776,5
7782,3
7786,1
7789,2
7790,1
7796,3
7798,1
7800,1
7801,1
7802,3
7805,1
7806,2
7809,5
7810,5
7811,5
7813,1
7814,5
7816,1
7819,5
7820,2
7822,5
7823,5
7825,1
7828,1
7844,1
7846,3
7855,2
7857,5
7864,3
7871,1
7874,5
7877,4
7886,1
7887,2
7889,5
7891,1
7895,1
7896,1
7899,1
7900,1
7901,5
7903,2
7904,1
7910,1
7912,2
7913,2
7916,2
7917,2
7920,2
7925,1
7927,3
7931,5
7933,1
7940,5
7941,1
7944,3
7948,5
7951,3
7953,3
7954,5
7960,2
7961,3
7963,5
7965,5
7966,1
7975,2
7978,1
7983,5
7984,1
7986,1
7990,1
7994,1
7996,5
7998,1
7999,1
8000,5
8002,1
8004,1
8005,2
8012,5
8013,1
8016,1
8030,3
8034,1
8035,3
8036,4
8048,1
8051,1
8053,5
8060,5
8061,5
8062,1
8064,3
8065,1
8068,1
8070,1
8076,3
8077,3
8079,5
8083,5
8084,1
8085,1
8089,3
8092,1
8095,5
8099,1
8100,3
8101,1
8102,5
8104,2
8105,3
8106,5
8114,5
8115,2
8119,5
8125,1
8126,5
8131,3
8134,2
8135,1
8137,1
8138,1
8139,3
8142,1
8143,5
8146,1
8153,2
8158,1
8159,2
8161,3
8173,5
8178,2
8179,2
8181,1
8182,1
8186,5
8187,5
8192,1
8194,3
8195,2
8196,5
8199,2
8208,3
8220,3
8226,1
8232,5
8233,5
8235,2
8238,1
8240,2
8249,5
8250,1
8257,3
8259,4
8264,5
8265,5
8266,5
8268,1
8269,5
8273,5
8275,1
8277,1
8288,5
8294,5
8302,2
8303,1
8304,1
8306,5
8307,1
8308,3
8310,3
8313,3
8316,3
8326,3
8329,5
8331,3
8333,3
8335,3
8343,1
8345,1
8353,2
8354,5
8357,5
8359,2
8360,3
8366,3
8371,2
8375,3
8376,5
8381,3
8385,2
8386,5
8390,1
8391,5
8392,5
8393,5
8399,2
8402,2
8406,5
8408,4
8410,5
8414,5
8418,5
8421,5
8427,3
8428,3
8433,1
8434,5
8436,2
8438,2
8441,1
8443,3
8445,5
8447,1
8448,1
8449,5
8450,5
8455,1
8462,2
8464,2
8465,2
8467,5
8470,2
8479,5
8481,1
8483,1
8486,1
8489,2
8494,1
8499,5
8503,3
8506,1
8508,5
8511,5
8512,5
8514,2
8515,1
8522,2
8526,2
8528,5
8531,3
8534,1
8539,5
8542,2
8545,1
8546,5
8550,5
8551,2
8552,2
8553,5
8555,5
8562,3
8563,5
8571,1
8573,5
8574,5
8576,5
8581,2
8582,2
8583,5
8586,1
8595,5
8598,2
8599,5
8601,5
8603,3
8613,3
8618,1
8619,5
8620,5
8628,2
8630,2
8631,1
8632,5
8637,5
8638,5
8639,2
8643,2
8645,5
8652,1
8653,5
8655,1
8659,5
8661,1
8664,5
8669,3
8670,4
8671,2
8672,5
8674,1
8675,5
8676,1
8678,5
8679,1
8688,1
8690,1
8695,5
8697,2
8699,2
8702,2
8703,2
8707,3
8708,2
8710,2
8711,5
8713,1
8715,5
8716,3
8718,1
8719,5
8721,4
8729,1
8730,5
8733,5
8736,3
8745,5
8750,5
8753,3
8756,3
8757,5
8758,5
8763,5
8767,1
8769,1
8772,2
8773,2
8774,5
8780,1
8784,5
8787,3
8790,3
8792,1
8794,5
8796,3
8799,5
8801,5
8803,5
8804,3
8811,1
8817,5
8818,5
8824,5
8825,1
8827,1
8839,1
8843,2
8846,1
8848,3
8849,5
8850,5
8859,5
8863,5
8866,1
8868,1
8871,5
8874,1
8875,1
8880,5
8881,3
8884,1
8886,1
8888,5
8890,5
8891,1
8893,2
8894,3
8900,3
8906,5
8908,5
8913,5
8918,1
8922,5
8931,3
8939,3
8940,2
8941,2
8943,5
8948,5
8954,4
8955,5
8956,5
8957,2
8959,5
8960,5
8965,3
8966,5
8967,5
8968,5
8975,1
8976,1
8980,3
8985,1
8986,1
8990,2
8991,3
8992,2
8993,5
8996,1
9001,5
9002,5
9004,4
9007,5
9009,5
9014,1
9017,3
9018,2
9020,1
9025,5
9026,2
9033,5
9035,2
9037,1
9041,3
9043,3
9044,2
9047,5
9050,2
9052,5
9053,1
9055,1
9061,5
9062,1
9069,3
9073,5
9074,5
9078,1
9080,2
9081,5
9083,1
9084,5
9085,1
9086,3
9087,1
9089,1
9090,1
9092,1
9093,5
9096,5
9097,1
9098,3
9099,5
9100,1
9101,1
9103,5
9113,2
9117,4
9119,1
9120,1
9121,2
9129,3
9130,3
9131,5
9132,3
9133,5
9143,1
9145,5
9147,4
9151,5
9156,3
9158,3
9163,3
9164,1
9168,5
9170,1
9174,2
9175,3
9178,1
9182,2
9190,1
9191,1
9193,5
9195,1
9197,1
9198,1
9200,5
9203,2
9204,5
9207,1
9212,5
9215,1
9217,5
9218,2
9220,5
9221,3
9225,5
9229,5
9230,3
9231,5
9233,5
9234,3
9235,3
9236,4
9238,5
9241,5
9242,5
9246,1
9248,3
9251,5
9256,1
9258,1
9261,5
9262,3
9264,5
9266,5
9267,3
9269,1
9270,3
9277,1
9280,3
9281,3
9283,1
9289,5
9294,1
9297,3
9301,3
9304,1
9306,1
9307,5
9309,2
9313,2
9314,3
9318,5
9320,1
9327,4
9330,3
9332,1
9347,5
9348,1
9349,5
9358,1
9361,5
9364,5
9373,4
9374,5
9375,5
9383,2
9385,2
9386,3
9390,3
9391,3
9393,3
9394,5
9398,2
9401,1
9403,1
9411,3
9414,5
9415,3
9417,2
9422,1
9425,1
9426,1
9429,5
9430,5
9432,1
9433,1
9434,5
9437,5
9439,1
9441,5
9450,5
9453,1
9455,3
9457,2
9458,2
9459,5
9460,3
9464,5
9467,2
9468,3
9470,1
9472,5
9473,1
9475,3
9479,5
9483,5
9488,5
9489,1
9490,1
9497,3
9498,1
9499,1
9510,1
9511,5
9512,1
9513,5
9515,5
9516,5
9517,5
9518,5
9520,2
9522,5
9527,5
9531,1
9535,5
9538,5
9539,2
9542,5
9543,1
9544,1
9558,5
9561,5
9563,1
9566,3
9567,1
9569,2
9571,3
9575,1
9576,1
9580,5
9583,1
9587,4
9591,1
9592,1
9597,2
9598,1
9601,2
9609,5
9614,1
9620,2
9627,5
9632,3
9633,2
9635,1
9637,1
9639,2
9643,1
9647,1
9648,1
9649,2
9650,5
9653,1
9654,3
9657,5
9660,5
9662,5
9663,5
9664,1
9678,5
9679,5
9686,5
9693,3
9698,5
9700,2
9705,5
9707,1
9708,2
9711,2
9712,5
9713,3
9715,2
9716,2
9718,1
9726,5
9728,5
9732,2
9739,1
9743,1
9745,5
9750,1
9751,2
9757,1
9758,1
9761,1
9765,1
9766,5
9771,1
9774,5
9775,5
9780,5
9784,2
9787,1
9801,2
9803,5
9805,2
9806,2
9807,1
9809,5
9815,1
9819,1
9823,5
9824,2
9825,2
9827,5
9838,1
9840,1
9842,1
9850,3
9852,5
9854,2
9858,3
9859,3
9860,2
9864,2
9870,1
9875,1
9883,2
9884,5
9889,3
9892,1
9900,5
9905,1
9907,1
9910,5
9911,1
9913,3
9919,5
9924,4
9931,2
9932,1
9934,1
9936,1
9938,1
9939,5
9941,2
9943,1
9944,5
9945,5
9948,3
9950,3
9951,5
9957,2
9971,1
9973,3
9974,1
9976,1
9981,1
9983,1
9997,5
9998,5
10005,3
10006,3
10009,5
10011,1
10012,5
10016,3
10018,1
10019,1
10028,1
10029,1
10033,2
10034,5
10041,1
10042,2
10043,4
10045,3
10047,3
10048,5
10054,1
10055,1
10061,3
10062,5
10063,3
10065,3
10067,1
10068,1
10069,3
10073,1
10075,2
10080,2
10081,1
10082,1
10088,5
10100,1
10101,5
10105,1
10107,5
10109,5
10110,1
10112,5
10117,5
10122,5
10124,5
10130,3
10131,5
10133,5
10137,1
10138,5
10139,5
10142,5
10144,1
10145,1
10148,1
10149,5
10151,5
10154,3
10158,2
10164,1
10169,2
10170,2
10171,5
10172,5
10174,1
10176,5
10177,5
10181,5
10189,2
10195,5
10197,3
10198,1
10200,5
10201,1
10206,3
10207,5
10215,2
10217,5
10221,3
10224,1
10228,5
10231,1
10232,1
10234,5
10235,5
10237,1
10239,5
10241,3
10243,5
10250,1
10251,5
10254,3
10258,3
10260,5
10261,2
10271,1
10272,5
10278,2
10279,1
10282,2
10284,1
10286,3
10292,3
10294,2
10295,3
10298,5
10303,1
10307,5
10309,5
10318,1
10319,3
10321,2
10328,1
10329,1
10335,3
10338,1
10340,5
10343,5
10344,5
10348,2
10350,5
10351,5
10352,3
10354,5
10356,5
10357,5
10373,1
10381,2
10383,5
10384,1
10389,1
10391,2
10393,5
10394,1
10395,2
10396,5
10399,5
10400,5
10404,4
10406,5
10410,5
10411,1
10418,1
10427,1
10430,3
10431,1
10433,5
10435,1
10438,1
10441,2
10447,2
10453,1
10458,1
10461,3
10462,5
10464,2
10465,1
10466,3
10467,5
10469,1
10472,3
10476,2
10483,5
10492,2
10498,2
10506,2
10509,3
10510,3
10511,2
10513,5
10516,1
10518,1
10519,1
10520,2
10522,5
10523,1
10524,1
10526,1
10528,5
10533,1
10538,5
10542,1
10543,5
10548,3
10549,3
10551,5
10554,5
10558,2
10567,2
10568,5
10569,5
10571,1
10572,1
10573,5
10586,1
10587,3
10588,1
10593,1
10596,1
10597,5
10600,1
10603,2
10607,2
10612,5
10613,1
10615,5
10616,2
10617,5
10620,1
10622,1
10625,2
10626,1
10627,5
10633,5
10634,5
10639,1
10640,2
10644,5
10646,5
10647,5
10648,3
10650,3
10655,1
10661,1
10663,1
10666,5
10668,5
10671,4
10673,3
10675,4
10682,5
10683,1
10686,1
10693,2
10694,1
10696,2
10699,5
10702,5
10706,1
10719,2
10721,1
10722,5
10724,5
10726,5
10727,1
10729,2
10734,1
10739,5
10742,3
10744,5
10746,5
10747,3
10748,1
10750,1
10752,3
10755,5
10758,5
10760,2
10762,5
10763,1
10768,1
10771,1
10776,4
10778,5
10779,5
10780,1
10782,5
10783,5
10787,5
10789,1
10790,5
10791,1
10794,3
10795,2
10796,3
10799,1
10803,1
10804,1
10805,1
10808,1
10811,5
10812,5
10817,2
10818,1
10824,4
10825,5
10826,5
10827,2
10829,2
10830,5
10831,2
10845,7
10850,7
10860,6
10861,7
10864,7
10885,7
10889,6
10894,7
10895,6
10904,6
10905,7
10911,6
10917,7
10919,7
10928,6
10930,7
10934,7
10942,6
10947,6
10948,7
10949,7
10951,7
10967,6
10968,7
10974,7
10983,7
10994,7
11013,7
11024,7
11034,6
11040,6
11048,7
11060,7
11062,7
11069,6
11074,7
11080,7
11086,7
11088,6
11090,6
11100,6
11105,6
11121,7
11124,6
11133,7
11138,7
11142,7
11145,7
11150,7
11159,6
11167,7
11169,6
11172,7
11188,7
11190,6
11194,6
11204,7
11211,6
11218,7
11220,6
11232,7
11237,7
11244,6
11248,7
11266,7
11269,7
11278,7
11284,7
11285,6
11286,7
11321,7
11322,7
11327,7
11328,6
11349,7
11354,7
11358,7
11361,6
11362,7
11363,7
11364,6
11370,6
11371,7
11375,6
11388,7
11411,7
11419,7
11430,7
11437,7
11440,7
11443,6
11448,6
11453,6
11462,6
11463,7
11465,7
11469,7
11484,6
11497,7
11509,7
11510,6
11533,7
11549,7
11551,7
11556,6
11557,7
11559,7
11566,7
11578,7
11600,7
11604,7
11606,6
11607,7
11609,6
11613,6
11615,6
11622,6
11631,7
11637,6
11640,6
11646,6
11649,6
11650,7
11653,6
11656,7
11657,6
11669,6
11673,7
11677,7
11684,6
11685,7
11692,7
11705,7
11721,6
11729,6
11737,7
11738,6
11746,7
11748,7
11749,7
11752,7
11754,6
11755,7
11765,7
11773,7
11776,7
11780,7
11836,6
11845,7
11846,7
11861,7
11870,6
11871,6
11874,7
11877,7
11912,7
11919,6
11922,7
11926,6
11927,6
11929,6
11947,6
11948,7
11949,7
11953,7
11962,7
11963,6
11965,6
11968,7
11978,6
11983,7
11990,6
11993,6
11996,7
12005,6
12007,6
12011,7
12013,7
12016,6
12017,7
12020,7
12027,6
12031,7
12033,7
12034,7
12041,7
12042,6
12053,7
12058,7
12059,6
12063,7
12065,7
12067,7
12070,6
12079,7
12084,6
12093,6
12095,7
12096,6
12097,6
12100,7
12106,7
12109,7
12110,7
12111,7
12121,7
12127,6
12128,7
12133,6
12138,6
12145,6
12166,7
12176,6
12190,7
12198,7
12203,7
12227,6
12228,6
12242,7
12250,6
12269,7
12285,6
12289,6
12290,7
12294,6
12295,6
12307,7
12312,7
12328,6
12329,7
12334,7
12335,7
12348,6
12363,6
12364,7
12366,6
12367,6
12370,6
12372,7
12378,6
12379,7
12383,7
12386,6
12392,7
12396,7
12397,7
12400,6
12401,7
12409,6
12414,6
12418,6
12419,7
12424,6
12426,7
12431,6
12432,7
12438,7
12446,7
12449,7
12452,6
12454,6
12467,6
12485,7
12487,6
12492,7
12493,7
12497,7
12500,7
12532,7
12546,6
12549,6
12567,6
12568,7
12570,6
12577,7
12583,6
12588,7
12594,7
12598,6
12611,6
12620,7
12627,6
12631,7
12641,7
12651,6
12657,6
12660,7
12667,6
12693,7
12696,7
12701,6
12702,6
12713,7
12731,7
12733,7
12743,7
12746,7
12750,7
12752,7
12756,7
12764,6
12765,6
12770,6
12790,7
12803,7
12809,7
12814,7
12819,7
12822,7
12833,6
12840,7
12845,7
12853,7
12868,6
12877,6
12879,6
12882,6
12889,6
12890,6
12898,6
12912,6
12919,7
12932,6
12948,7
12958,7
12961,6
12962,7
12976,6
12977,7
12978,6
12980,7
12986,7
12988,7
12994,7
12995,6
12996,7
13004,6
13008,6
13010,7
13020,7
13022,6
13024,7
13025,6
13056,7
13061,6
13063,6
13071,6
13073,6
13079,7
13084,6
13088,7
13095,6
13106,7
13110,7
13125,6
13127,7
13131,6
13150,7
13151,6
13152,6
13153,6
13155,6
13163,6
13177,6
13190,7
13195,6
13208,7
13213,7
13217,7
13218,6
13225,6
13226,6
13238,6
13260,6
13261,6
13273,6
13278,7
13283,7
13284,7
13304,6
13306,7
13307,6
13309,6
13323,6
13324,6
13328,7
13331,6
13333,6
13335,7
13353,6
13365,7
13369,7
13370,7
13383,7
13394,7
13396,6
13398,7
13402,6
13403,7
13405,7
13422,7
13440,6
13451,7
13456,7
13466,6
13469,7
13476,6
13481,7
13511,7
13516,7
13520,7
13531,7
13539,6
13543,7
13545,6
13550,6
13562,7
13565,6
13576,6
13578,7
13579,7
13587,6
13611,7
13612,7
13617,6
13620,7
13628,6
13638,6
13646,7
13650,6
13665,6
13684,7
13693,6
13701,7
13702,7
13709,6
13711,7
13721,7
13725,6
13727,7
13732,7
13739,6
13746,6
13752,7
13754,7
13761,7
13762,7
13768,7
13774,7
13779,6
13783,6
13820,6
13827,7
13830,6
13834,7
13841,6
13844,6
13849,7
13854,7
13860,7
13866,6
13873,7
13875,6
13879,7
13881,6
13885,7
13886,7
13888,6
13897,6
13900,7
13917,7
13930,6
13933,7
13938,6
13940,7
13948,7
13952,6
13958,6
13969,6
13973,7
16485,0
16486,0
16487,0
16491,0
16492,0
16494,0
16499,0
16503,0
16504,0
16505,0
16506,0
16507,0
16509,0
16515,0
16517,0
16523,0
16531,0
16533,0
16536,0
16538,0
16542,0
16544,0
16548,0
16549,0
16550,0
16551,0
16553,0
16554,0
16558,0
16562,0
16563,0
16566,0
16567,0
16569,0
16570,0
16571,0
16573,0
16574,0
16576,0
16578,0
16579,0
16590,0
16593,0
16594,0
16597,0
16602,0
16603,0
16609,0
16612,0
16615,0
16625,0
16626,0
16630,0
16634,0
16635,0
16636,0
16637,0
16638,0
16641,0
16644,0
16647,0
16649,0
16650,0
16651,0
16653,0
16654,0
16658,0
16661,0
16662,0
16670,0
16672,0
16673,0
16674,0
16675,0
16678,0
16680,0
16681,0
16682,0
16684,0
16689,0
16692,0
16693,0
16697,0
16701,0
16707,0
16714,0
16723,0
16724,0
16727,0
16731,0
16734,0
16735,0
16736,0
16737,0
16739,0
16741,0
16742,0
16743,0
16744,0
16748,0
16751,0
16752,0
16753,0
16754,0
16756,0
16757,0
16760,0
16761,0
16763,0
16766,0
16770,0
16771,0
16773,0
16774,0
16784,0
16786,0
16789,0
16792,0
16793,0
16794,0
16795,0
16796,0
16798,0
16799,0
16801,0
16804,0
16805,0
16806,0
16808,0
16810,0
16814,0
16815,0
16816,0
16817,0
16818,0
16819,0
16821,0
16832,0
16836,0
16839,0
16841,0
16844,0
16848,0
16851,0
16858,0
16860,0
16861,0
16862,0
16866,0
16867,0
16868,0
16871,0
16872,0
16874,0
16876,0
16877,0
16880,0
16881,0
16884,0
16886,0
16888,0
16890,0
16898,0
16899,0
16903,0
16904,0
16912,0
16915,0
16917,0
16924,0
16925,0
16930,0
16936,0
16937,0
16940,0
16941,0
16946,0
16949,0
16954,0
16956,0
16957,0
16960,0
16963,0
16969,0
16970,0
16972,0
16978,0
16981,0
16982,0
16983,0
16987,0
16988,0
16990,0
16992,0
16995,0
16996,0
16998,0
16999,0
17006,0
17007,0
17012,0
17013,0
17015,0
17016,0
17018,0
17021,0
17023,0
17024,0
17026,0
17027,0
17028,0
17032,0
17033,0
17038,0
17042,0
17043,0
17046,0
17049,0
17051,0
17052,0
17053,0
17055,0
17057,0
17060,0
17064,0
17066,0
17070,0
17073,0
17074,0
17078,0
17079,0
17080,0
17082,0
17085,0
17087,0
17088,0
17093,0
17094,0
17096,0
17099,0
17101,0
17104,0
17108,0
17110,0
17114,0
17116,0
17118,0
17121,0
17122,0
17124,0
17126,0
17127,0
17128,0
17130,0
17131,0
17136,0
17137,0
17138,0
17139,0
17140,0
17142,0
17144,0
17145,0
17146,0
17147,0
17149,0
17153,0
17156,0
17157,0
17158,0
17160,0
17163,0
17164,0
17165,0
17167,0
17168,0
17171,0
17173,0
17176,0
17185,0
17190,0
17192,0
17196,0
17198,0
17199,0
17201,0
17204,0
17221,0
17224,0
17226,0
17227,0
17228,0
17232,0
17240,0
17242,0
17243,0
17244,0
17250,0
17253,0
17255,0
17260,0
17262,0
17263,0
17265,0
17267,0
17268,0
17274,0
17275,0
17276,0
17277,0
17280,0
17283,0
17286,0
17290,0
17291,0
17292,0
17293,0
17295,0
17297,0
17298,0
17299,0
17303,0
17304,0
17305,0
17307,0
17308,0
17311,0
17314,0
17319,0
17322,0
17324,0
17325,0
17326,0
17327,0
17329,0
17331,0
17335,0
17339,0
17340,0
17341,0
17342,0
17343,0
17344,0
17345,0
17346,0
17347,0
17348,0
17350,0
17353,0
17359,0
17361,0
17363,0
17365,0
17367,0
17371,0
17375,0
17376,0
17379,0
17382,0
17384,0
17385,0
17386,0
17389,0
17391,0
17392,0
17393,0
17396,0
17401,0
17402,0
17404,0
17405,0
17408,0
17409,0
17412,0
17419,0
17423,0
17429,0
17430,0
17432,0
17434,0
17436,0
17437,0
17439,0
17444,0
17447,0
17448,0
17450,0
17451,0
17452,0
17453,0
17454,0
17456,0
17460,0
17463,0
17465,0
17470,0
17471,0
17475,0
17480,0
17484,0
17485,0
17487,0
17489,0
17490,0
17491,0
17492,0
17494,0
17496,0
17498,0
17500,0
17501,0
17502,0
17504,0
17507,0
17509,0
17510,0
17512,0
17514,0
17515,0
17517,0
17518,0
17524,0
17526,0
17528,0
17529,0
17530,0
17535,0
17536,0
17537,0
17538,0
17542,0
17543,0
17544,0
17546,0
17549,0
17553,0
17556,0
17557,0
17558,0
17560,0
17562,0
17563,0
17566,0
17571,0
17572,0
17576,0
17577,0
17578,0
17583,0
17594,0
17596,0
17598,0
17599,0
17606,0
17611,0
17614,0
17615,0
17617,0
17619,0
17623,0
17627,0
17632,0
17635,0
17639,0
17643,0
17644,0
17649,0
17651,0
17654,0
17656,0
17657,0
17661,0
17664,0
17665,0
17666,0
17670,0
17674,0
17675,0
17676,0
17677,0
17678,0
17682,0
17685,0
17691,0
17693,0
17695,0
17696,0
17701,0
17702,0
17708,0
17711,0
17714,0
17719,0
17728,0
17732,0
17733,0
17734,0
17736,0
17737,0
17739,0
17743,0
17744,0
17745,0
17746,0
17751,0
17752,0
17755,0
17757,0
17760,0
17766,0
17769,0
17771,0
17774,0
17775,0
17779,0
17782,0
17788,0
17794,0
17796,0
17799,0
17800,0
17802,0
17803,0
17805,0
17806,0
17809,0
17810,0
17811,0
17814,0
17815,0
17816,0
17817,0
17819,0
17821,0
17824,0
17832,0
17835,0
17836,0
17839,0
17841,0
17843,0
17847,0
17852,0
17853,0
17858,0
17863,0
17867,0
17870,0
17872,0
17873,0
17874,0
17875,0
17878,0
17879,0
17880,0
17881,0
17886,0
17887,0
17890,0
17892,0
17897,0
17898,0
17900,0
17901,0
17902,0
17904,0
17914,0
17923,0
17924,0
17926,0
17929,0
17932,0
17935,0
17940,0
17944,0
17946,0
17947,0
17948,0
17949,0
17950,0
17952,0
17958,0
17959,0
17961,0
17962,0
17967,0
17970,0
17972,0
17977,0
17980,0
17981,0
17982,0
17983,0
17984,0
17985,0
17986,0
17988,0
17992,0
17994,0
17995,0
17996,0
18004,0
18008,0
18010,0
18011,0
18016,0
18018,0
18019,0
18023,0
18025,0
18026,0
18028,0
18030,0
18032,0
18034,0
18036,0
18037,0
18043,0
18046,0
18048,0
18051,0
18053,0
18054,0
18056,0
18057,0
18058,0
18060,0
18067,0
18068,0
18071,0
18073,0
18076,0
18084,0
18088,0
18092,0
18094,0
18095,0
18099,0
18101,0
18103,0
18105,0
18109,0
18112,0
18114,0
18119,0
18121,0
18122,0
18126,0
18129,0
18131,0
18132,0
18136,0
18142,0
18145,0
18146,0
18150,0
18151,0
18154,0
18160,0
18167,0
18175,0
18176,0
18177,0
18178,0
18181,0
18182,0
18185,0
18190,0
18193,0
18199,0
18200,0
18202,0
18203,0
18204,0
18206,0
18215,0
18216,0
18220,0
18221,0
18222,0
18224,0
18226,0
18227,0
18229,0
18230,0
18232,0
18233,0
18237,0
18238,0
18244,0
18249,0
18250,0
18251,0
18253,0
18255,0
18260,0
18262,0
18265,0
18266,0
18268,0
18269,0
18274,0
18275,0
18277,0
18279,0
18282,0
18283,0
18284,0
18285,0
18286,0
18287,0
18289,0
18294,0
18295,0
18296,0
18297,0
18298,0
18302,0
18303,0
18304,0
18305,0
18310,0
18314,0
18315,0
18316,0
18318,0
18319,0
18322,0
18325,0
18330,0
18336,0
18339,0
18341,0
18343,0
18344,0
18345,0
18346,0
18348,0
18351,0
18353,0
18355,0
18357,0
18359,0
18361,0
18365,0
18368,0
18370,0
18371,0
18372,0
18375,0
18376,0
18377,0
18378,0
18380,0
18381,0
18384,0
18385,0
18388,0
18390,0
18393,0
18396,0
18397,0
18399,0
18400,0
18403,0
18405,0
18406,0
18407,0
18415,0
18416,0
18418,0
18420,0
18421,0
18424,0
18427,0
18428,0
18429,0
18432,0
18434,0
18440,0
18443,0
18444,0
18446,0
18455,0
18456,0
18458,0
18468,0
18470,0
18476,0
18479,0
18486,0
18488,0
18489,0
18491,0
18492,0
18495,0
18497,0
18498,0
18505,0
18507,0
18509,0
18510,0
18513,0
18516,0
18517,0
18521,0
18522,0
18525,0
18526,0
18528,0
18530,0
18531,0
18532,0
18534,0
18541,0
18542,0
18543,0
18545,0
18546,0
18548,0
18553,0
18554,0
18555,0
18556,0
18559,0
18560,0
18567,0
18572,0
18574,0
18575,0
18579,0
18582,0
18584,0
18587,0
18589,0
18590,0
18591,0
18594,0
18595,0
18597,0
18599,0
18601,0
18603,0
18604,0
18609,0
18611,0
18615,0
18618,0
18619,0
18620,0
18621,0
18622,0
18631,0
18633,0
18635,0
18636,0
18638,0
18642,0
18645,0
18648,0
18650,0
18653,0
18654,0
18656,0
18661,0
18664,0
18666,0
18669,0
18675,0
18676,0
18678,0
18679,0
18682,0
18691,0
18696,0
18699,0
18700,0
18702,0
18706,0
18707,0
18710,0
18711,0
18714,0
18715,0
18718,0
18721,0
18722,0
18723,0
18726,0
18729,0
18731,0
18736,0
18737,0
18742,0
18744,0
18745,0
18747,0
18756,0
18761,0
18762,0
18765,0
18768,0
18770,0
18771,0
18772,0
18773,0
18774,0
18775,0
18778,0
18779,0
18781,0
18782,0
18783,0
18785,0
18787,0
18792,0
18793,0
18798,0
18799,0
18801,0
18802,0
18806,0
18808,0
18809,0
18814,0
18816,0
18819,0
18821,0
18825,0
18827,0
18829,0
18831,0
18834,0
18836,0
18837,0
18840,0
18841,0
18842,0
18853,0
18854,0
18855,0
18857,0
18869,0
18870,0
18871,0
18872,0
18874,0
18877,0
18878,0
18879,0
18880,0
18881,0
18882,0
18884,0
18888,0
18893,0
18896,0
18898,0
18899,0
18905,0
18926,0
18928,0
18929,0
18933,0
18935,0
18940,0
18941,0
18943,0
18945,0
18946,0
18947,0
18948,0
18949,0
18950,0
18951,0
18952,0
18955,0
18958,0
18959,0
18960,0
18961,0
18963,0
18964,0
18965,0
18967,0
18969,0
18970,0
18972,0
18973,0
18978,0
18984,0
18989,0
18990,0
18991,0
18995,0
19000,0
19004,0
19005,0
19007,0
19010,0
19012,0
19013,0
19020,0
19023,0
19024,0
19028,0
19034,0
19035,0
19036,0
19040,0
19041,0
19042,0
19046,0
19049,0
19054,0
19057,0
19058,0
19059,0
19062,0
19066,0
19070,0
19072,0
19077,0
19080,0
19084,0
19087,0
19098,0
19106,0
19109,0
19110,0
19111,0
19113,0
19115,0
19116,0
19120,0
19121,0
19122,0
19124,0
19126,0
19129,0
19133,0
19134,0
19137,0
19139,0
19141,0
19142,0
19143,0
19148,0
19150,0
19151,0
19152,0
19153,0
19155,0
19157,0
19158,0
19159,0
19166,0
19174,0
19176,0
19178,0
19183,0
19185,0
19186,0
19188,0
19189,0
19196,0
19203,0
19205,0
19208,0
19209,0
19210,0
19211,0
19213,0
19215,0
19216,0
19217,0
19226,0
19232,0
19233,0
19234,0
19236,0
19240,0
19243,0
19246,0
19250,0
19252,0
19253,0
19258,0
19259,0
19262,0
19263,0
19264,0
19265,0
19267,0
19268,0
19272,0
19273,0
19275,0
19276,0
19282,0
19284,0
19286,0
19291,0
19292,0
19294,0
19295,0
19297,0
19300,0
19302,0
19304,0
19306,0
19307,0
19309,0
19310,0
19311,0
19314,0
19319,0
19320,0
19323,0
19324,0
19325,0
19328,0
19330,0
19331,0
19332,0
19333,0
19334,0
19336,0
19339,0
19341,0
19342,0
19347,0
19352,0
19353,0
19354,0
19355,0
19357,0
19359,0
19360,0
19362,0
19363,0
19364,0
19369,0
19374,0
19376,0
19382,0
19384,0
19388,0
19389,0
19390,0
19393,0
19395,0
19398,0
19399,0
19408,0
19411,0
19412,0
19416,0
19419,0
19421,0
19422,0
19423,0
19424,0
19431,0
19434,0
19442,0
19443,0
19446,0
19447,0
19449,0
19451,0
19455,0
19456,0
19457,0
19458,0
19461,0
19465,0
19466,0
19468,0
19470,0
19472,0
19473,0
19474,0
19475,0
19478,0
19480,0
19482,0
19483,0
19485,0
19487,0
19490,0
19492,0
19493,0
19494,0
19498,0
19503,0
19510,0
19512,0
19514,0
19516,0
19518,0
19520,0
19522,0
19523,0
19525,0
19529,0
19530,0
19533,0
19534,0
19536,0
19538,0
19539,0
19541,0
19542,0
19547,0
19548,0
19555,0
19559,0
19562,0
19564,0
19565,0
19567,0
19568,0
19569,0
19573,0
19574,0
19575,0
19576,0
19577,0
19580,0
19583,0
19585,0
19586,0
19594,0
19595,0
19596,0
19597,0
19600,0
19601,0
19610,0
19614,0
19620,0
19621,0
19622,0
19630,0
